{"val loss":2.1201439454005313,"val acc":45.45454545454545,"_wandb":{"runtime":6062},"_runtime":6062,"_step":86,"train loss":0.4216779941512692,"epoch":29,"_timestamp":1.7634062416351378e+09}