{"_runtime":210,"train loss":0.713359740472609,"epoch":1,"_timestamp":1.7633993651559093e+09,"_step":2,"val loss":1.7072897874391997,"val acc":10.909090909090908,"_wandb":{"runtime":210}}